,cOPN,cCON,cEXT,cAGR,cNEU
0,True,False,False,True,True
1,True,False,False,True,True
2,True,False,False,True,True
3,True,False,True,False,True
4,True,False,True,False,True
5,True,False,True,False,True
6,True,False,False,False,False
7,True,False,False,False,False
8,True,False,False,False,False
9,True,False,False,False,False
10,True,False,False,False,False
11,True,False,False,False,False
12,True,False,False,False,False
13,True,False,False,False,False
14,True,False,False,False,False
15,True,False,False,False,False
16,True,False,False,False,False
17,True,False,False,False,False
18,True,False,False,False,False
19,True,False,False,False,False
20,True,False,False,False,False
21,True,False,False,False,False
22,True,False,False,False,False
23,True,False,False,False,False
24,True,False,False,False,False
25,True,False,False,False,False
26,True,False,False,False,False
27,True,False,False,False,False
28,True,False,False,False,False
29,True,False,False,False,False
30,True,False,False,False,False
31,True,False,False,False,False
32,True,False,False,False,False
33,True,False,False,False,False
34,True,False,False,False,False
35,True,False,False,False,False
36,True,False,False,False,False
37,True,False,False,False,False
38,True,False,False,False,False
39,True,False,False,False,False
40,True,False,False,False,False
41,True,False,False,False,False
42,True,False,False,False,False
43,True,False,False,False,False
44,True,False,False,False,False
45,True,False,False,False,False
46,True,False,False,False,False
47,True,False,False,False,False
48,True,False,False,False,False
49,True,False,False,False,False
50,True,False,False,False,True
51,True,True,False,True,False
52,True,True,False,True,False
53,True,True,False,True,False
54,True,True,False,True,False
55,True,True,False,True,False
56,True,True,False,True,False
57,True,True,False,True,False
58,True,True,False,True,False
59,True,True,False,True,False
60,True,True,False,True,False
61,True,True,False,True,False
62,True,True,False,True,False
63,True,True,False,True,False
64,True,True,False,True,False
65,True,True,False,True,False
66,True,True,False,True,False
67,True,True,False,True,False
68,True,True,False,True,False
69,True,True,False,True,False
70,True,True,False,True,False
71,True,True,False,True,False
72,True,True,False,True,False
73,True,True,False,True,False
74,True,True,False,True,False
75,True,True,False,True,False
76,True,True,False,True,False
77,True,True,False,True,False
78,True,True,False,True,False
79,True,True,False,True,False
80,True,True,False,True,False
81,True,True,False,True,False
82,True,True,False,True,False
83,True,True,False,True,False
84,True,True,False,True,False
85,True,True,False,True,False
86,True,True,False,True,False
87,True,True,False,True,False
88,True,True,False,True,False
89,True,True,False,True,False
90,True,True,False,True,False
91,True,True,False,True,False
92,True,True,False,False,False
93,True,True,False,True,False
94,True,True,False,True,False
95,True,False,False,False,False
96,True,False,False,False,False
97,True,False,False,False,False
98,True,False,False,False,False
99,True,False,False,False,False
100,True,False,False,False,False
101,True,False,False,False,False
102,True,False,False,False,False
103,True,False,False,False,False
104,True,False,False,False,False
105,True,False,False,False,False
106,True,False,False,False,False
107,True,False,False,False,False
108,True,False,False,False,False
109,True,False,False,False,False
110,True,False,False,False,False
111,True,False,False,False,False
112,True,False,False,False,False
113,True,False,False,False,False
114,True,False,False,False,False
115,True,False,False,False,False
116,True,False,False,False,False
117,True,False,False,False,False
118,True,False,False,False,False
119,True,False,False,False,False
120,True,False,False,False,False
121,True,False,False,False,False
122,True,False,False,False,False
123,True,False,False,False,False
124,True,False,False,False,False
125,True,False,False,False,False
126,True,False,False,False,False
127,True,False,False,False,False
128,True,False,False,False,False
129,True,False,False,False,False
130,True,False,False,False,False
131,True,False,False,False,False
132,True,False,False,False,False
133,True,False,False,False,False
134,True,False,False,False,False
135,True,False,False,False,False
136,True,False,False,False,False
137,True,False,False,False,False
138,True,False,False,False,False
139,True,False,False,False,False
140,True,False,False,False,False
141,True,False,False,False,False
142,True,False,False,False,False
143,True,False,False,False,False
144,True,False,False,False,False
145,True,False,False,False,False
146,True,False,False,False,False
147,True,False,False,False,False
148,True,False,False,False,False
149,True,False,False,False,False
150,True,False,False,False,False
151,True,False,False,False,False
152,True,True,False,False,False
153,True,True,False,False,False
154,True,True,False,False,False
155,True,True,False,False,False
156,True,True,False,False,False
157,True,True,False,False,False
158,True,True,False,False,False
159,True,True,False,False,False
160,True,True,False,False,False
161,True,True,False,False,False
162,True,True,False,False,False
163,True,True,False,False,False
164,True,True,False,False,False
165,True,True,False,False,False
166,True,True,False,False,False
167,True,True,False,False,False
168,True,True,False,False,False
169,True,True,False,False,False
170,True,True,False,False,False
171,True,True,False,False,False
172,True,True,False,False,False
173,True,True,False,False,False
174,True,True,False,False,False
175,True,True,False,False,False
176,True,True,False,False,False
177,True,True,False,False,False
178,True,True,False,False,False
179,True,True,False,False,False
180,True,True,False,False,False
181,True,True,False,False,False
182,True,True,False,False,False
183,True,True,False,False,False
184,True,True,False,False,False
185,True,True,False,False,False
186,True,True,False,False,False
187,True,True,False,False,False
188,True,True,False,False,False
189,True,True,False,False,False
190,True,True,False,False,False
191,True,True,True,True,False
192,True,True,True,True,False
193,True,True,True,True,False
194,True,True,True,True,False
195,True,True,True,True,False
196,True,True,True,True,False
197,True,True,True,True,False
198,True,True,True,True,False
199,True,True,True,True,False
200,True,True,True,True,False
201,True,True,True,True,False
202,True,True,True,True,False
203,True,True,True,True,False
204,True,True,True,True,False
205,True,True,True,True,False
206,True,True,True,True,False
207,True,True,True,True,False
208,True,True,True,True,False
209,True,True,True,True,False
210,True,True,True,True,False
211,True,True,True,True,False
212,True,True,True,True,False
213,True,True,True,True,False
214,True,True,True,True,False
215,True,True,True,True,False
216,True,True,True,True,False
217,True,True,True,True,False
218,True,True,True,True,False
219,True,True,True,True,False
220,True,True,True,True,False
221,True,True,True,True,False
222,True,True,True,True,False
223,True,True,True,True,False
224,True,True,True,True,False
225,True,True,True,True,False
226,True,True,True,True,False
227,True,True,True,True,False
228,True,True,True,True,False
229,True,True,True,True,False
230,True,True,True,True,False
231,True,True,True,True,False
232,True,True,True,True,False
233,True,True,True,True,False
234,True,True,True,True,False
235,True,True,True,True,False
236,True,True,True,True,False
237,True,True,True,True,False
238,True,True,True,True,False
239,True,True,True,True,False
240,True,True,True,True,False
241,True,True,True,True,False
242,True,True,True,True,False
243,True,True,True,True,False
244,True,True,True,True,False
245,True,True,True,True,False
246,True,True,True,True,False
247,True,True,True,True,False
248,True,True,True,True,False
249,True,True,True,True,False
250,True,True,True,True,False
251,False,True,False,True,False
252,False,True,False,True,False
253,False,True,False,True,False
254,False,True,False,True,False
255,False,True,False,True,False
256,False,True,False,True,False
257,False,True,False,True,False
258,False,True,False,True,False
259,False,True,False,True,False
260,False,True,True,True,False
261,True,True,False,True,False
262,False,True,False,True,False
263,False,True,False,True,False
264,False,True,False,True,False
265,False,True,False,True,False
266,False,True,False,True,False
267,False,True,False,True,False
268,False,True,False,True,False
269,False,True,False,True,False
270,False,True,False,True,False
271,False,True,False,True,False
272,False,True,False,True,False
273,False,True,False,True,False
274,True,True,True,False,False
275,True,True,True,False,False
276,True,True,True,False,False
277,True,True,True,False,False
278,True,True,True,False,False
279,True,True,True,False,False
280,True,True,True,False,False
281,True,True,True,False,False
282,True,True,True,False,False
283,True,True,True,False,False
284,True,True,True,False,False
285,True,True,False,False,False
286,True,True,True,False,False
287,True,True,True,False,False
288,True,True,True,False,False
289,True,True,True,False,False
290,True,True,True,False,False
291,True,True,True,False,False
292,True,True,True,False,False
293,True,True,True,False,False
294,True,True,True,False,False
295,True,True,True,False,False
296,True,True,True,False,False
297,True,True,True,False,False
298,True,True,True,False,False
299,True,True,True,False,False
300,True,True,True,False,False
301,True,True,True,False,False
302,True,True,True,False,False
303,True,True,True,False,False
304,True,True,True,False,False
305,True,True,True,False,False
306,True,True,True,False,False
307,True,True,True,False,False
308,True,True,True,False,False
309,True,True,True,False,False
310,True,True,True,False,False
311,True,True,True,False,False
312,False,False,True,True,True
313,False,False,True,True,True
314,False,False,True,True,True
315,False,False,True,True,True
316,False,False,True,True,True
317,False,False,True,True,True
318,False,False,True,True,True
319,False,False,True,True,True
320,False,False,True,True,True
321,False,False,True,True,True
322,False,False,True,True,True
323,False,False,True,True,True
324,False,False,True,True,True
325,False,False,True,True,True
326,False,False,True,True,True
327,False,False,True,True,True
328,False,False,True,True,True
329,False,False,True,True,True
330,False,False,True,True,True
331,False,False,True,True,True
332,False,False,True,True,True
333,False,False,True,True,True
334,False,False,True,True,True
335,False,False,True,True,True
336,False,False,True,True,True
337,False,False,True,True,True
338,False,False,True,True,True
339,False,False,True,True,True
340,False,False,True,True,True
341,False,False,True,True,True
342,False,False,True,True,True
343,False,False,True,True,True
344,False,False,True,True,True
345,False,False,True,True,True
346,False,False,True,True,True
347,False,False,True,True,True
348,False,False,True,True,True
349,False,False,True,True,True
350,False,False,True,True,True
351,False,False,True,True,True
352,False,False,True,True,True
353,False,False,True,True,True
354,False,False,True,True,True
355,False,False,True,True,True
356,False,False,True,True,True
357,False,False,True,True,True
358,False,False,True,True,True
359,False,False,True,True,True
360,False,True,True,True,False
361,True,True,False,False,False
362,True,True,True,True,False
363,True,True,True,True,False
364,True,True,True,True,False
365,True,True,True,True,False
366,True,True,True,True,False
367,True,True,True,True,False
368,True,True,True,True,False
369,True,True,True,True,False
370,True,True,True,True,False
371,True,True,True,True,False
372,True,True,True,True,False
373,True,True,True,True,False
374,True,True,True,True,False
375,True,True,True,True,False
376,True,True,True,True,False
377,True,True,True,True,False
378,True,True,False,False,True
379,True,True,False,False,True
380,True,True,False,False,True
381,True,True,False,False,True
382,True,False,False,False,True
383,True,False,False,False,True
384,True,False,False,False,True
385,True,False,False,False,True
386,True,False,False,False,True
387,True,False,False,False,True
388,True,False,False,False,True
389,True,False,False,False,True
390,True,False,False,False,True
391,True,False,False,False,True
392,True,False,False,False,True
393,True,False,False,False,True
394,True,False,False,False,True
395,True,False,False,False,True
396,True,True,True,True,False
397,True,True,True,True,False
398,True,True,True,True,False
399,True,True,True,True,False
400,True,True,True,True,False
401,True,True,True,True,False
402,True,True,True,True,False
403,True,True,True,True,False
404,True,True,True,True,False
405,False,True,True,False,False
406,False,True,True,False,False
407,False,True,True,False,False
408,False,True,True,False,False
409,False,True,True,False,False
410,False,True,True,False,False
411,False,True,True,False,False
412,False,True,True,False,False
413,False,True,True,False,False
414,False,True,True,False,False
415,False,True,True,False,False
416,False,True,True,False,False
417,False,True,True,False,False
418,False,True,True,False,False
419,False,True,True,False,False
420,False,True,True,False,False
421,True,True,True,True,False
422,True,True,True,True,False
423,True,True,True,True,False
424,True,True,True,True,False
425,True,True,True,True,False
426,True,True,True,True,False
427,True,True,True,True,False
428,True,True,True,True,False
429,True,True,True,True,False
430,False,False,False,True,False
431,False,False,False,True,False
432,False,False,False,True,False
433,False,False,False,True,False
434,False,False,False,True,False
435,False,False,False,True,False
436,False,False,False,True,False
437,False,False,False,True,False
438,False,False,False,True,False
439,False,False,False,True,False
440,False,False,False,True,False
441,False,True,True,False,True
442,False,True,True,True,False
443,False,True,True,False,True
444,False,True,True,False,True
445,False,True,True,False,True
446,False,True,True,False,True
447,False,True,True,False,True
448,False,True,True,False,True
449,False,True,True,False,True
450,False,True,True,False,True
451,False,True,True,False,True
452,False,True,True,False,True
453,False,True,True,False,True
454,False,True,True,False,True
455,False,True,True,False,True
456,False,True,True,False,True
457,False,True,True,False,True
458,False,True,True,False,True
459,False,True,True,False,True
460,False,True,True,False,True
461,False,True,True,False,True
462,False,True,True,False,True
463,False,True,True,False,True
464,False,True,True,False,True
465,False,True,True,False,True
466,False,True,True,False,True
467,False,True,True,False,True
468,False,True,True,False,True
469,False,True,True,False,True
470,False,True,True,False,True
471,False,True,True,False,True
472,False,True,True,False,True
473,False,True,True,False,True
474,False,True,True,False,True
475,False,True,True,False,True
476,False,True,True,False,True
477,False,True,True,False,True
478,False,True,True,False,True
479,False,True,True,False,True
480,False,True,True,False,True
481,False,True,True,False,True
482,False,True,True,False,True
483,False,True,True,False,True
484,False,True,True,False,True
485,False,True,True,False,True
486,False,True,True,False,True
487,False,True,True,False,True
488,False,True,True,False,True
489,False,True,True,False,True
490,False,True,True,False,True
491,False,True,True,False,True
492,False,True,True,False,True
493,False,True,True,False,True
494,False,True,True,False,True
495,False,True,True,False,True
496,False,True,True,False,True
497,True,True,True,False,True
498,False,True,True,False,True
499,False,True,True,False,True
500,False,True,True,False,True
501,False,True,True,False,True
502,False,True,True,False,True
503,False,True,True,False,True
504,False,True,True,False,True
505,False,True,True,False,True
506,False,True,True,False,True
507,False,True,True,False,True
508,False,True,True,False,True
509,False,True,True,False,True
510,False,True,True,False,True
511,False,True,True,False,True
512,False,True,True,False,True
513,False,True,True,False,True
514,False,True,True,False,True
515,False,True,True,False,True
516,False,True,True,False,True
517,False,True,True,False,True
518,False,True,True,False,True
519,False,True,True,False,True
520,False,True,True,False,True
521,False,True,True,False,True
522,False,True,True,False,True
523,False,True,True,False,True
524,True,True,True,True,False
525,True,True,True,True,False
526,True,True,True,True,False
527,True,True,True,True,False
528,True,True,True,True,False
529,True,True,True,True,False
530,True,True,True,True,False
531,True,True,True,True,False
532,True,True,True,True,False
533,True,True,True,True,False
534,True,True,True,True,False
535,True,True,True,True,False
536,True,True,True,True,False
537,True,True,True,True,False
538,True,True,True,True,False
539,True,True,True,True,False
540,True,False,True,True,True
541,True,False,True,True,True
542,True,False,True,True,True
543,True,False,True,True,True
544,True,False,True,True,True
545,True,False,True,True,True
546,True,False,True,True,True
547,True,False,True,True,True
548,True,False,True,True,True
549,True,False,True,True,True
550,True,True,False,False,True
551,True,True,False,False,True
552,True,True,False,False,True
553,True,True,False,False,True
554,True,True,False,False,True
555,True,True,False,False,True
556,True,True,False,False,True
557,True,True,False,False,True
558,True,True,False,False,True
559,True,True,False,False,True
560,True,True,False,False,True
561,True,True,False,False,True
562,True,True,False,False,True
563,True,True,False,False,True
564,True,True,False,False,True
565,True,True,False,False,True
566,True,True,False,False,True
567,True,True,False,False,True
568,True,True,True,True,False
569,True,True,True,True,False
570,True,True,True,True,False
571,True,True,True,True,False
572,True,True,True,True,False
573,True,True,True,True,False
574,True,True,True,True,False
575,True,True,True,True,False
576,True,True,True,True,False
577,True,True,True,True,False
578,True,True,False,False,False
579,True,True,True,True,False
580,True,True,True,True,False
581,True,True,True,True,False
582,True,True,True,True,False
583,True,True,True,True,False
584,True,True,True,True,False
585,True,True,True,True,False
586,True,True,True,True,False
587,True,True,True,True,False
588,True,True,True,True,False
589,True,True,True,True,False
590,True,True,True,True,False
591,True,True,True,True,False
592,True,True,True,True,False
593,True,True,True,True,False
594,True,True,True,True,False
595,True,True,True,True,False
596,True,True,True,True,False
597,True,True,True,True,False
598,True,True,True,True,False
599,True,True,True,True,False
600,True,True,True,True,False
601,True,True,True,True,False
602,True,True,True,True,False
603,False,False,False,False,True
604,False,False,False,False,True
605,False,False,False,False,True
606,False,False,False,False,True
607,False,False,False,False,True
608,False,False,False,False,True
609,False,False,False,False,True
610,False,False,False,False,True
611,False,False,False,False,True
612,False,False,False,False,True
613,False,False,False,False,True
614,False,False,False,False,True
615,False,False,False,False,True
616,False,False,False,False,True
617,False,False,False,False,True
618,True,False,False,True,False
619,False,False,False,False,True
620,False,False,False,False,True
621,False,False,False,False,True
622,False,False,False,False,True
623,True,True,False,False,False
624,False,False,False,False,True
625,False,False,False,False,True
626,False,False,False,False,True
627,False,False,False,False,True
628,False,False,False,False,True
629,False,False,False,False,True
630,False,False,False,False,True
631,False,False,False,False,True
632,False,False,False,False,True
633,False,False,False,False,True
634,False,False,True,False,False
635,False,False,True,False,False
636,False,False,True,False,False
637,False,False,True,False,False
638,False,False,True,False,False
639,False,False,True,False,False
640,False,False,True,False,False
641,False,False,True,False,False
642,False,False,True,False,False
643,False,False,True,False,False
644,False,False,True,False,False
645,False,False,True,False,False
646,False,False,True,False,False
647,False,False,True,False,False
648,False,False,True,False,False
649,False,False,True,False,False
650,False,False,True,False,False
651,False,False,True,False,False
652,False,False,True,False,False
653,False,False,True,False,False
654,False,False,True,False,False
655,False,False,True,False,False
656,False,False,True,False,False
657,False,False,True,False,False
658,False,False,True,False,False
659,False,False,True,False,False
660,False,False,True,False,False
661,False,False,True,False,False
662,False,False,True,False,False
663,False,False,True,False,False
664,False,False,True,False,False
665,False,False,True,False,False
666,False,False,True,False,False
667,False,False,True,False,False
668,False,False,True,False,False
669,False,False,True,False,False
670,False,False,True,False,False
671,False,False,True,False,False
672,False,False,True,False,False
673,False,False,True,False,False
674,False,False,True,False,False
675,False,False,True,False,False
676,False,False,True,False,False
677,False,False,True,False,False
678,False,False,True,False,False
679,False,False,True,False,False
680,False,False,True,False,False
681,False,False,True,False,False
682,False,False,True,False,False
683,False,False,True,False,False
684,False,False,True,False,False
685,False,False,True,False,False
686,False,False,True,False,False
687,False,False,True,False,False
688,False,False,True,False,False
689,False,False,True,False,False
690,False,False,True,False,False
691,False,False,True,False,False
692,False,False,True,False,False
693,False,False,True,False,False
694,False,False,True,False,False
695,False,False,True,False,False
696,False,False,True,False,False
697,False,False,True,False,False
698,False,False,True,False,False
699,False,False,True,False,False
700,False,False,True,False,False
701,False,False,True,False,False
702,False,False,True,False,False
703,False,False,True,False,False
704,False,False,True,False,False
705,False,False,True,False,False
706,False,False,True,False,False
707,False,False,True,False,False
708,False,False,True,False,False
709,False,False,True,False,False
710,False,False,True,False,False
711,False,False,True,False,False
712,False,False,True,False,False
713,False,False,True,False,False
714,False,False,True,False,False
715,False,False,True,False,False
716,False,False,True,False,False
717,False,False,True,False,False
718,False,False,True,False,False
719,False,False,True,False,False
720,False,False,True,False,False
721,False,False,True,False,False
722,False,False,True,False,False
723,False,False,True,False,False
724,False,False,True,False,False
725,False,False,True,False,False
726,False,False,True,False,False
727,False,False,True,False,False
728,False,False,True,False,False
729,False,False,True,False,False
730,False,False,True,False,False
731,False,False,True,False,False
732,False,False,True,False,False
733,False,False,True,False,False
734,False,False,True,False,False
735,False,False,True,False,False
736,False,False,True,False,False
737,False,False,True,False,False
738,False,False,True,False,False
739,False,False,True,False,False
740,False,False,True,False,False
741,False,False,True,False,False
742,False,False,True,False,False
743,False,False,True,False,False
744,False,False,True,False,False
745,False,False,True,False,False
746,False,False,True,False,False
747,False,False,True,False,False
748,False,False,True,False,False
749,False,False,True,False,False
750,False,False,True,False,False
751,False,False,True,False,False
752,True,True,True,True,False
753,True,True,True,True,False
754,True,True,True,True,False
755,True,True,True,True,False
756,True,True,True,True,False
757,True,True,True,True,False
758,True,True,True,True,False
759,True,True,True,True,False
760,True,True,True,True,False
761,True,True,True,True,False
762,True,True,True,True,False
763,True,True,True,True,False
764,True,True,True,True,False
765,True,True,True,True,False
766,True,True,True,True,False
767,True,True,True,True,False
768,True,True,True,True,False
769,True,True,True,True,False
770,True,True,True,True,False
771,True,True,True,True,False
772,True,True,True,True,False
773,True,False,False,True,False
774,True,True,True,True,False
775,True,True,True,True,False
776,True,True,True,True,False
777,True,True,True,True,False
778,True,True,True,True,False
779,True,True,True,True,False
780,False,False,False,False,True
781,False,False,False,False,True
782,False,False,False,False,True
783,False,False,False,False,True
784,False,False,False,False,True
785,False,False,False,False,True
786,False,False,False,False,True
787,False,False,False,False,True
788,False,False,False,False,True
789,False,False,False,False,True
790,False,False,False,False,True
791,False,False,False,False,True
792,False,False,False,False,True
793,False,False,False,False,True
794,False,False,False,False,True
795,False,False,False,False,True
796,False,False,False,False,True
797,False,False,False,False,True
798,False,False,False,False,True
799,False,False,False,False,True
800,False,False,False,False,True
801,True,False,False,False,True
802,False,False,False,False,True
803,False,False,False,False,True
804,False,False,False,False,True
805,True,False,True,False,False
806,True,True,False,False,False
807,True,False,True,False,False
808,False,True,False,True,False
809,False,True,False,True,False
810,False,True,False,True,False
811,False,True,False,True,False
812,False,True,False,True,False
813,False,True,False,True,False
814,False,True,False,True,False
815,False,True,False,True,False
816,False,True,False,True,False
817,False,True,False,True,False
818,False,True,False,True,False
819,False,True,False,True,False
820,False,True,False,True,False
821,False,True,False,True,False
822,False,True,False,True,False
823,False,True,False,True,False
824,False,True,False,True,False
825,False,True,False,True,False
826,False,True,False,True,False
827,False,True,False,True,False
828,False,True,False,True,False
829,False,True,False,True,False
830,False,True,False,True,False
831,False,True,False,True,False
832,False,True,False,True,False
833,False,True,False,True,False
834,True,True,False,False,False
835,True,True,False,False,False
836,True,True,False,False,False
837,True,True,False,False,False
838,True,True,False,False,False
839,True,True,False,False,False
840,True,True,False,False,False
841,False,False,False,False,True
842,False,False,False,False,True
843,False,False,False,False,True
844,False,False,False,False,True
845,False,False,False,False,True
846,False,False,False,False,True
847,False,False,False,False,True
848,False,False,False,False,True
849,False,False,False,False,True
850,False,False,False,False,True
851,False,False,False,False,True
852,False,False,False,False,True
853,False,False,False,False,True
854,False,False,False,False,True
855,False,True,False,False,False
856,False,False,False,False,True
857,False,False,False,False,True
858,False,False,False,False,True
859,False,False,False,False,True
860,False,False,False,False,True
861,False,False,False,False,True
862,False,False,False,False,True
863,False,False,False,False,True
864,False,False,False,False,True
865,False,False,False,False,True
866,False,False,False,False,True
867,False,False,False,False,True
868,False,False,False,False,True
869,False,False,False,False,True
870,False,False,False,False,True
871,False,False,False,False,True
872,False,False,False,False,True
873,False,False,False,False,True
874,False,False,False,False,True
875,False,False,False,False,True
876,False,False,False,False,True
877,False,False,False,False,True
878,False,False,False,False,True
879,False,False,False,False,True
880,False,True,False,True,False
881,False,True,False,True,False
882,True,False,False,False,False
883,True,False,False,False,False
884,True,False,False,False,False
885,True,False,False,False,False
886,True,False,False,False,False
887,True,False,False,False,False
888,True,False,False,False,False
889,True,False,False,False,False
890,True,False,False,False,False
891,True,False,False,False,False
892,True,False,False,False,False
893,True,False,False,False,False
894,True,False,False,False,False
895,True,False,False,False,False
896,True,False,False,False,False
897,True,False,False,False,False
898,True,False,False,False,False
899,True,False,False,False,False
900,True,False,False,False,False
901,True,False,False,False,False
902,True,False,False,False,False
903,True,False,False,True,True
904,True,False,False,True,True
905,True,False,False,True,True
906,True,False,False,True,True
907,True,False,False,True,True
908,True,False,False,True,True
909,True,False,False,True,True
910,True,False,False,True,True
911,True,True,False,False,False
912,True,False,False,True,True
913,True,False,False,True,True
914,True,False,False,True,True
915,True,False,False,True,True
916,True,False,False,True,True
917,True,False,False,True,True
918,True,False,False,True,True
919,True,False,False,True,True
920,True,False,False,True,True
921,True,False,False,True,True
922,True,False,False,True,True
923,True,False,False,True,True
924,True,False,False,True,True
925,True,False,False,True,True
926,True,False,False,True,True
927,True,False,False,True,True
928,True,False,False,True,False
929,True,False,False,True,False
930,False,False,False,False,True
931,False,False,False,False,True
932,False,False,False,False,True
933,False,False,False,False,True
934,False,False,False,False,True
935,False,False,False,False,True
936,False,False,False,False,True
937,False,False,False,False,True
938,False,False,False,False,True
939,False,False,False,False,True
940,False,False,False,False,True
941,False,False,False,False,True
942,True,True,False,False,False
943,False,False,False,False,True
944,False,False,False,False,True
945,False,False,False,False,True
946,False,False,False,False,True
947,False,False,False,False,True
948,False,False,False,False,True
949,False,False,False,False,True
950,False,False,False,False,True
951,False,False,False,False,True
952,False,False,False,False,True
953,False,False,False,False,True
954,False,False,False,False,True
955,False,False,False,False,True
956,False,False,False,False,True
957,False,False,False,False,True
958,False,False,False,False,True
959,False,False,False,False,True
960,False,False,False,False,True
961,False,False,False,False,True
962,False,False,False,False,True
963,False,False,False,False,True
964,False,False,False,False,True
965,False,False,False,False,True
966,False,False,False,False,True
967,False,False,False,False,True
968,False,False,False,False,True
969,False,False,False,False,True
970,False,False,False,False,True
971,False,False,False,False,True
972,False,False,False,False,True
973,False,False,False,False,True
974,False,False,False,False,True
975,False,False,False,False,True
976,False,False,False,False,True
977,False,False,False,False,True
978,False,False,False,False,True
979,False,False,False,False,True
980,False,False,False,False,True
981,False,False,False,False,True
982,False,False,False,False,True
983,False,False,False,False,True
984,False,False,False,False,True
985,False,False,False,False,True
986,False,False,False,False,True
987,False,False,False,False,True
988,False,False,False,False,True
989,False,False,False,False,True
990,False,False,False,False,True
991,False,False,False,False,True
992,False,False,False,False,True
993,False,False,False,False,True
994,False,False,False,False,True
995,False,False,False,False,True
996,False,False,False,False,True
997,False,False,False,False,True
998,False,False,False,False,True
999,False,False,False,False,True
1000,False,False,False,False,True
1001,False,False,False,False,True
1002,False,False,False,False,True
1003,False,False,False,False,True
1004,False,False,False,False,True
1005,False,False,False,False,True
1006,False,False,False,False,True
1007,False,False,False,False,True
1008,False,False,False,False,True
1009,False,False,False,False,True
1010,False,False,False,False,True
1011,False,False,False,False,True
1012,False,False,False,False,True
1013,False,False,False,False,True
1014,False,False,False,False,True
1015,False,False,False,False,True
1016,False,False,False,False,True
1017,False,False,False,False,True
1018,False,False,False,False,True
1019,False,False,False,False,True
1020,False,False,False,False,True
1021,False,False,False,False,True
1022,False,False,False,False,True
1023,False,False,False,False,True
1024,False,False,False,False,True
1025,True,True,False,False,False
1026,False,False,False,False,True
1027,False,False,False,False,True
1028,False,False,False,False,True
1029,False,False,False,False,True
1030,False,False,False,False,True
1031,False,False,False,False,True
1032,False,False,False,False,True
1033,False,False,False,False,True
1034,False,False,False,False,True
1035,False,False,False,False,True
1036,False,False,False,False,True
1037,False,False,False,False,True
1038,False,False,False,False,True
1039,False,False,False,False,True
1040,False,False,False,False,True
1041,False,False,False,False,True
1042,False,False,False,False,True
1043,False,False,False,False,True
1044,False,False,False,False,True
1045,False,False,False,False,True
1046,False,False,False,False,True
1047,False,False,False,False,True
1048,False,False,False,False,True
1049,False,False,False,False,True
1050,False,False,False,False,True
1051,False,False,False,False,True
1052,False,False,False,False,True
1053,False,False,False,False,True
1054,False,False,False,False,True
1055,False,False,False,False,True
1056,False,False,False,False,True
1057,False,False,False,False,True
1058,False,False,False,False,True
1059,False,False,False,False,True
1060,False,False,False,False,True
1061,False,False,False,False,True
1062,False,False,False,False,True
1063,False,False,False,False,True
1064,False,False,False,False,True
1065,False,False,False,False,True
1066,False,False,False,False,True
1067,False,False,False,False,True
1068,False,False,False,False,True
1069,False,False,False,False,True
1070,False,False,False,False,True
1071,False,False,False,False,True
1072,False,False,False,False,True
1073,False,False,False,False,True
1074,False,False,False,False,True
1075,False,False,False,False,True
1076,False,False,False,False,True
1077,False,False,False,False,True
1078,False,False,False,False,True
1079,False,False,False,False,True
1080,False,False,False,False,True
1081,False,False,False,False,True
1082,False,False,False,False,True
1083,False,False,False,False,True
1084,False,False,False,False,True
1085,False,False,False,False,True
1086,False,False,False,False,True
1087,False,False,False,False,True
1088,False,False,False,False,True
1089,False,False,False,False,True
1090,False,False,False,False,True
1091,False,False,False,False,True
1092,False,False,False,False,True
1093,False,False,False,False,True
1094,False,False,False,False,True
1095,False,False,False,False,True
1096,False,False,False,False,True
1097,False,False,False,False,True
1098,False,False,False,False,True
1099,False,False,False,False,True
1100,False,False,False,False,True
1101,False,False,False,False,True
1102,False,False,False,False,True
1103,False,False,False,False,True
1104,False,False,False,False,True
1105,False,False,False,False,True
1106,False,False,False,False,True
1107,False,False,False,False,True
1108,False,False,False,False,True
1109,False,False,False,False,True
1110,False,False,False,False,True
1111,False,False,False,False,True
1112,True,False,False,False,True
1113,False,False,False,False,True
1114,False,False,False,False,True
1115,False,False,False,False,True
1116,False,False,False,False,True
1117,False,False,False,False,True
1118,False,False,False,False,True
1119,False,False,False,False,True
1120,False,False,False,False,True
1121,False,False,False,False,True
1122,False,False,False,False,True
1123,True,False,True,True,False
1124,True,False,True,True,False
1125,True,False,True,True,False
1126,True,False,True,True,False
1127,True,False,True,True,False
1128,True,False,True,True,False
1129,True,False,True,True,False
1130,True,False,True,True,False
1131,True,False,True,True,False
1132,True,False,True,True,False
1133,True,False,True,True,False
1134,True,False,True,True,False
1135,True,False,True,True,False
1136,True,False,True,True,False
1137,True,False,True,True,False
1138,True,False,True,True,False
1139,True,False,True,True,False
1140,True,False,True,True,False
1141,True,False,True,True,False
1142,True,False,True,True,False
1143,True,False,True,True,False
1144,True,False,True,True,False
1145,True,False,True,True,False
1146,True,False,True,True,False
1147,True,False,True,True,False
1148,True,False,True,True,False
1149,True,False,True,True,False
1150,True,False,True,True,False
1151,True,False,True,True,False
1152,True,False,True,True,False
1153,True,False,True,True,False
1154,True,False,True,True,False
1155,True,False,True,True,False
1156,True,False,True,True,False
1157,True,False,True,True,False
1158,True,False,True,True,False
1159,True,False,False,True,False
1160,True,False,True,True,False
1161,True,False,True,True,False
1162,True,False,True,True,False
1163,True,False,True,True,False
1164,True,False,True,True,False
1165,True,False,True,True,False
1166,True,False,True,True,False
1167,True,False,True,True,False
1168,True,False,True,True,False
1169,True,False,True,True,False
1170,True,False,True,True,False
1171,True,False,False,True,False
1172,True,False,False,True,False
1173,True,False,False,True,False
1174,True,False,False,True,False
1175,True,False,False,True,False
1176,True,False,False,True,False
1177,True,False,False,True,False
1178,True,False,False,True,False
1179,True,False,False,True,False
1180,True,False,False,True,False
1181,True,False,False,True,False
1182,True,False,False,True,False
1183,True,False,False,True,False
1184,True,False,False,True,False
1185,True,False,False,True,False
1186,True,False,False,True,False
1187,True,False,False,True,False
1188,True,False,False,True,False
1189,True,False,False,True,False
1190,True,False,False,True,False
1191,True,False,False,True,False
1192,True,False,False,True,False
1193,True,False,False,True,False
1194,True,False,False,True,False
1195,True,False,False,True,False
1196,True,False,False,True,False
1197,True,False,False,True,False
1198,True,False,False,True,False
1199,False,True,False,False,False
1200,False,True,False,False,False
1201,False,True,False,False,False
1202,True,True,False,True,False
1203,True,True,False,True,False
1204,True,True,False,True,False
1205,True,True,False,True,False
1206,True,True,False,True,False
1207,True,True,False,True,False
1208,True,True,False,True,False
1209,True,True,False,True,False
1210,True,True,False,True,False
1211,True,True,False,True,False
1212,True,True,False,True,False
1213,True,True,False,True,False
1214,True,True,False,True,False
1215,True,True,False,True,False
1216,True,True,False,True,False
1217,True,True,False,True,False
1218,True,True,False,True,False
1219,True,True,False,True,False
1220,True,True,False,True,False
1221,True,True,False,True,False
1222,True,False,False,False,True
1223,True,False,False,False,True
1224,True,False,False,False,True
1225,True,False,False,False,True
1226,True,False,False,False,True
1227,True,False,False,False,True
1228,True,False,False,False,True
1229,True,False,False,False,True
1230,True,False,False,False,True
1231,True,False,False,False,True
1232,True,False,False,True,False
1233,True,False,False,True,False
1234,True,False,False,True,False
1235,True,False,False,True,False
1236,True,False,False,True,False
1237,True,False,False,True,False
1238,True,False,False,True,False
1239,True,False,False,True,False
1240,True,False,False,True,False
1241,True,False,False,True,False
1242,True,False,False,True,False
1243,True,False,False,True,False
1244,True,False,False,True,False
1245,True,False,False,True,False
1246,True,False,False,True,False
1247,True,False,False,True,False
1248,True,False,False,True,False
1249,True,False,False,True,False
1250,True,False,False,True,False
1251,True,False,False,True,False
1252,True,False,False,True,False
1253,True,False,False,True,False
1254,True,False,False,True,False
1255,True,False,False,True,False
1256,True,False,False,True,False
1257,True,False,False,True,False
1258,True,False,False,True,False
1259,True,False,False,True,False
1260,True,False,False,True,False
1261,True,False,False,True,False
1262,True,False,False,True,False
1263,True,False,False,True,False
1264,True,False,False,True,False
1265,True,False,False,True,False
1266,True,False,False,True,False
1267,True,False,False,True,False
1268,True,False,False,True,False
1269,True,False,False,True,False
1270,True,False,False,True,False
1271,False,True,False,False,False
1272,False,True,False,False,False
1273,False,True,False,False,False
1274,True,True,False,False,False
1275,False,True,False,False,False
1276,False,True,False,False,False
1277,False,True,False,False,False
1278,False,True,False,False,False
1279,False,True,False,False,False
1280,False,True,False,False,False
1281,False,True,False,False,False
1282,False,True,False,False,False
1283,False,True,False,False,False
1284,False,True,False,False,False
1285,False,True,False,False,False
1286,False,True,False,False,False
1287,False,True,False,False,False
1288,False,True,False,False,False
1289,False,True,False,False,False
1290,False,True,False,False,False
1291,False,True,False,False,False
1292,False,True,False,False,False
1293,False,True,False,False,False
1294,False,True,False,False,False
1295,False,True,False,False,False
1296,False,True,False,False,False
1297,False,True,False,False,False
1298,False,True,False,False,False
1299,False,True,False,False,False
1300,False,True,False,False,False
1301,False,True,False,False,False
1302,False,True,False,False,False
1303,False,True,False,False,False
1304,False,True,False,False,False
1305,False,True,False,False,False
1306,False,True,False,False,False
1307,False,True,False,False,False
1308,False,True,False,False,False
1309,False,True,False,False,False
1310,True,True,True,False,True
1311,False,True,False,False,False
1312,False,True,False,False,False
1313,False,True,False,False,False
1314,False,True,False,False,False
1315,False,True,False,False,False
1316,False,True,False,False,False
1317,False,True,False,False,False
1318,False,True,False,False,False
1319,False,True,False,False,False
1320,False,True,False,False,False
1321,False,True,False,False,False
1322,False,True,False,False,False
1323,False,True,False,False,False
1324,False,True,False,False,False
1325,False,True,False,False,False
1326,False,True,False,False,False
1327,False,True,False,False,False
1328,False,True,False,False,False
1329,False,True,False,False,False
1330,False,True,False,False,False
1331,False,True,False,False,False
1332,True,False,False,True,False
1333,False,True,False,False,False
1334,False,True,False,False,False
1335,False,True,False,False,False
1336,False,True,False,False,False
1337,False,True,False,False,False
1338,False,True,False,False,False
1339,False,True,False,False,False
1340,False,True,False,False,False
1341,False,True,False,False,False
1342,False,True,False,False,False
1343,False,True,False,False,False
1344,False,True,False,False,False
1345,False,True,False,False,False
1346,False,True,False,False,False
1347,False,True,False,False,False
1348,False,True,False,False,False
1349,False,True,False,False,False
1350,False,True,False,False,False
1351,False,True,False,False,False
1352,True,False,False,True,False
1353,False,True,False,False,False
1354,False,True,False,False,False
1355,False,True,False,False,False
1356,False,True,False,False,False
1357,False,True,False,False,False
1358,False,True,False,False,False
1359,False,True,False,False,False
1360,False,True,False,False,False
1361,False,True,False,False,False
1362,False,True,False,False,False
1363,False,True,False,False,False
1364,False,True,False,False,False
1365,False,True,False,False,False
1366,False,True,False,False,False
1367,False,True,False,False,False
1368,False,True,False,False,False
1369,False,True,False,False,False
1370,True,True,True,True,False
1371,True,True,True,True,False
1372,True,True,True,True,False
1373,True,True,True,True,False
1374,True,True,True,True,False
1375,True,True,True,True,False
1376,True,True,True,True,False
1377,True,True,True,False,False
1378,True,True,True,False,False
1379,True,True,True,False,False
1380,True,True,True,False,False
1381,True,True,True,False,False
1382,True,True,True,False,False
1383,True,True,True,False,False
1384,True,True,True,False,False
1385,True,True,True,False,False
1386,True,True,True,False,False
1387,True,True,True,False,False
1388,True,True,True,False,False
1389,True,True,True,False,False
1390,True,True,True,False,False
1391,True,True,True,False,False
1392,True,True,True,False,False
1393,True,True,True,False,False
1394,True,True,True,False,False
1395,True,True,True,False,False
1396,True,True,True,False,False
1397,True,False,True,True,False
1398,True,False,True,True,False
1399,True,False,True,True,False
1400,True,False,True,True,False
1401,True,False,True,True,False
1402,True,False,True,True,False
1403,True,False,True,True,False
1404,True,False,True,True,False
1405,True,False,True,True,False
1406,True,False,True,True,False
1407,True,False,True,True,False
1408,True,False,True,True,False
1409,True,False,True,True,False
1410,True,False,True,True,False
1411,True,False,True,True,False
1412,True,False,True,True,False
1413,True,False,True,True,False
1414,True,True,False,True,False
1415,True,True,False,True,False
1416,True,True,False,True,False
1417,True,True,False,True,False
1418,True,True,False,True,False
1419,True,True,False,True,False
1420,True,True,False,True,False
1421,True,True,False,True,False
1422,True,True,False,True,False
1423,True,True,False,True,False
1424,True,True,False,True,False
1425,True,True,False,True,False
1426,True,True,False,True,False
1427,False,True,False,False,False
1428,True,True,False,True,False
1429,True,True,False,True,False
1430,True,True,False,True,False
1431,True,True,False,True,False
1432,True,True,False,True,False
1433,True,True,False,True,False
1434,True,True,False,True,False
1435,True,True,False,True,False
1436,True,True,False,True,False
1437,True,True,False,True,False
1438,True,True,False,True,False
1439,True,True,False,True,False
1440,True,True,False,True,False
1441,True,True,False,True,False
1442,True,True,False,True,False
1443,True,True,False,True,False
1444,True,True,False,True,False
1445,True,True,False,True,False
1446,True,True,False,True,False
1447,True,True,False,True,False
1448,True,True,False,True,False
1449,True,True,False,True,False
1450,True,True,False,True,False
1451,True,True,False,True,False
1452,True,True,False,True,False
1453,True,True,False,True,False
1454,True,True,False,True,False
1455,True,True,False,True,False
1456,True,True,False,True,False
1457,True,True,False,True,False
1458,True,True,False,True,False
1459,True,True,False,True,False
1460,True,True,False,True,False
1461,True,True,False,True,False
1462,True,True,False,True,False
1463,True,True,False,True,False
1464,True,True,False,True,False
1465,True,True,False,True,False
1466,True,True,False,True,False
1467,True,True,False,True,False
1468,True,True,True,True,False
1469,True,True,True,True,False
1470,True,True,True,True,False
1471,True,True,True,True,False
1472,True,True,True,True,False
1473,True,True,True,True,False
1474,True,True,True,True,False
1475,True,True,True,True,False
1476,True,True,True,True,False
1477,True,True,True,True,False
1478,True,True,True,True,False
1479,True,True,True,True,False
1480,True,True,True,True,False
1481,True,True,True,True,False
1482,True,True,True,True,False
1483,True,True,True,True,False
1484,True,True,True,True,False
1485,True,True,True,True,False
1486,True,True,True,True,False
1487,True,True,True,True,False
1488,True,True,True,True,False
1489,True,True,True,True,False
1490,True,True,True,True,False
1491,True,True,True,True,False
1492,True,True,True,True,False
1493,True,True,True,True,False
1494,True,False,False,False,True
1495,True,True,True,True,False
1496,True,True,True,True,False
1497,True,True,True,True,False
1498,True,True,True,True,False
1499,True,True,True,True,False
1500,True,True,True,True,False
1501,True,True,True,True,False
1502,True,True,True,True,False
1503,True,True,True,True,False
1504,True,True,True,True,False
1505,True,True,True,True,False
1506,True,True,True,True,False
1507,True,True,True,True,False
1508,True,True,True,True,False
1509,True,True,True,True,False
1510,True,True,True,True,False
1511,True,True,True,True,False
1512,True,True,True,True,False
1513,True,True,True,True,False
1514,True,True,True,True,False
1515,False,False,False,False,False
1516,True,True,False,False,False
1517,False,False,False,False,False
1518,False,False,False,False,False
1519,False,False,False,False,False
1520,False,False,False,False,False
1521,False,False,False,False,False
1522,False,False,False,False,False
1523,False,False,False,False,False
1524,False,False,False,False,False
1525,False,False,False,False,False
1526,False,False,False,False,False
1527,False,False,False,False,False
1528,False,False,False,False,False
1529,False,False,False,False,False
1530,False,False,False,False,False
1531,False,False,False,False,False
1532,False,False,False,False,False
1533,False,False,False,False,False
1534,False,False,False,False,False
1535,False,False,False,False,False
1536,False,False,False,False,False
1537,False,False,False,False,False
1538,False,False,False,False,False
1539,False,False,False,False,False
1540,False,False,False,False,False
1541,True,True,False,False,False
1542,False,False,False,False,False
1543,False,False,False,False,False
1544,False,False,False,False,False
1545,False,False,False,False,False
1546,False,False,False,False,False
1547,False,False,False,False,False
1548,False,False,False,False,False
1549,False,False,False,False,False
1550,False,False,False,False,False
1551,False,False,False,False,False
1552,False,False,False,False,False
1553,False,False,False,False,False
1554,False,False,False,False,False
1555,False,False,False,False,False
1556,False,False,False,False,False
1557,False,False,False,False,False
1558,False,False,False,False,False
1559,False,False,False,False,False
1560,False,False,False,False,False
1561,False,False,False,False,False
1562,False,False,False,False,False
1563,False,False,False,False,False
1564,False,False,False,False,False
1565,False,False,False,False,False
1566,False,False,False,False,False
1567,False,False,False,False,False
1568,False,False,False,False,False
1569,False,False,False,False,False
1570,False,False,False,False,False
1571,False,False,False,False,False
1572,False,False,False,False,False
1573,False,False,False,False,False
1574,False,False,False,False,False
1575,False,False,False,False,False
1576,False,False,False,False,False
1577,False,False,False,False,False
1578,False,False,False,False,False
1579,False,False,False,False,False
1580,False,False,False,False,False
1581,False,False,False,False,False
1582,False,False,False,False,False
1583,False,False,False,False,False
1584,False,False,False,False,False
1585,False,False,False,False,False
1586,False,False,False,False,False
1587,False,False,False,False,False
1588,False,False,False,False,False
1589,False,False,False,False,False
1590,True,True,False,True,False
1591,True,True,False,True,False
1592,True,True,False,True,False
1593,True,True,False,True,False
1594,True,True,False,True,False
1595,True,True,False,True,False
1596,True,True,False,True,False
1597,True,True,False,True,False
1598,True,True,False,True,False
1599,True,True,False,True,False
1600,True,True,False,True,False
1601,True,True,False,True,False
1602,True,True,False,True,False
1603,True,True,False,True,False
1604,True,True,False,True,False
1605,True,True,False,True,False
1606,True,True,False,True,False
1607,True,True,False,True,False
1608,True,True,False,True,False
1609,True,True,False,True,False
1610,False,False,False,False,True
1611,False,False,False,False,True
1612,False,False,False,False,True
1613,False,False,False,False,True
1614,False,False,False,False,True
1615,False,False,False,False,True
1616,False,False,False,False,True
1617,False,False,False,False,True
1618,False,False,False,False,True
1619,False,False,False,False,True
1620,True,True,False,False,False
1621,False,False,False,False,True
1622,False,False,False,False,True
1623,False,False,False,False,True
1624,False,False,False,False,True
1625,False,False,False,False,True
1626,False,False,False,False,True
1627,False,False,False,False,True
1628,False,False,False,False,True
1629,False,False,False,False,True
1630,False,False,False,False,True
1631,False,False,False,False,True
1632,False,False,False,False,True
1633,False,False,False,False,True
1634,False,False,False,False,True
1635,False,False,False,False,True
1636,False,False,False,False,True
1637,False,False,False,False,True
1638,False,False,False,False,True
1639,False,False,False,False,True
1640,False,False,False,False,True
1641,False,False,False,False,True
1642,False,False,False,False,True
1643,False,False,False,False,True
1644,False,False,False,False,True
1645,False,False,False,False,True
1646,False,False,False,False,True
1647,False,False,False,False,True
1648,False,False,False,False,True
1649,False,False,False,False,True
1650,False,False,False,False,True
1651,False,False,False,False,True
1652,False,False,False,False,True
1653,False,False,False,False,True
1654,True,True,False,False,False
1655,False,False,False,False,True
1656,False,False,False,False,True
1657,False,False,False,False,True
1658,False,False,False,False,True
1659,False,False,False,False,True
1660,False,False,False,False,True
1661,False,False,False,False,True
1662,False,False,False,False,True
1663,False,False,False,False,True
1664,False,False,False,False,True
1665,False,False,False,False,True
1666,False,False,False,False,True
1667,False,False,False,False,True
1668,False,False,False,False,True
1669,False,False,False,False,True
1670,False,False,False,False,True
1671,False,False,False,False,True
1672,False,False,False,False,True
1673,False,False,False,False,True
1674,False,False,False,False,True
1675,False,False,False,False,True
1676,False,False,False,False,True
1677,False,False,False,False,True
1678,False,False,False,False,True
1679,True,True,False,False,False
1680,False,False,False,False,True
1681,False,False,False,False,True
1682,False,False,False,False,True
1683,False,False,False,False,True
1684,False,False,False,False,True
1685,True,True,False,False,False
1686,False,False,False,False,True
1687,False,False,False,False,True
1688,False,False,False,False,True
1689,False,False,False,False,True
1690,False,False,False,False,True
1691,False,False,False,False,True
1692,False,False,False,False,True
1693,False,False,False,False,True
1694,False,False,False,False,True
1695,False,False,False,False,True
1696,False,False,False,False,True
1697,False,False,False,False,True
1698,False,False,False,False,True
1699,False,False,False,False,True
1700,False,False,False,False,True
1701,False,False,False,True,False
1702,False,False,False,True,False
1703,False,False,False,True,False
1704,False,False,False,True,False
1705,False,False,False,True,False
1706,False,False,False,True,False
1707,True,True,False,True,False
1708,True,True,False,True,False
1709,True,True,False,True,False
1710,True,True,False,True,False
1711,True,True,False,True,False
1712,True,True,False,True,False
1713,True,True,False,True,False
1714,True,True,False,True,False
1715,True,True,False,True,False
1716,True,True,False,True,False
1717,True,True,False,True,False
1718,True,True,False,True,False
1719,True,True,False,True,False
1720,True,True,False,True,False
1721,True,True,False,True,False
1722,True,True,False,True,False
1723,True,True,False,True,False
1724,True,True,False,True,False
1725,True,True,False,True,False
1726,True,True,False,True,False
1727,True,True,False,True,False
1728,True,True,False,True,False
1729,True,True,False,True,False
1730,True,True,False,True,False
1731,True,True,False,True,False
1732,True,True,False,True,False
1733,True,True,False,True,False
1734,True,True,False,True,False
1735,True,True,False,True,False
1736,True,True,False,True,False
1737,True,True,False,True,False
1738,True,True,False,True,False
1739,True,False,False,True,False
1740,True,True,False,True,False
1741,True,True,False,True,False
1742,True,True,False,True,False
1743,True,True,False,True,False
1744,True,True,False,True,False
1745,True,True,False,True,False
1746,True,True,False,True,False
1747,True,True,False,True,False
1748,True,True,False,True,False
1749,True,True,False,True,False
1750,False,True,False,False,False
1751,False,True,False,False,False
1752,False,True,False,False,False
1753,False,True,False,False,False
1754,False,True,False,False,False
1755,False,True,False,False,False
1756,False,True,False,False,False
1757,False,True,False,False,False
1758,False,True,False,False,False
1759,False,True,False,False,False
1760,False,True,False,False,False
1761,False,True,False,False,False
1762,False,True,False,False,False
1763,False,True,False,False,False
1764,False,True,False,False,False
1765,False,True,False,False,False
1766,False,True,False,False,False
1767,False,True,False,False,False
1768,False,True,False,False,False
1769,False,False,False,False,True
1770,False,False,False,False,True
1771,False,False,False,False,True
1772,False,False,False,False,True
1773,False,False,False,False,True
1774,False,False,False,False,True
1775,False,False,False,False,True
1776,False,False,False,False,True
1777,False,False,False,False,True
1778,False,False,False,False,True
1779,False,False,False,False,True
1780,False,False,False,False,True
1781,False,False,False,False,True
1782,False,False,False,False,True
1783,False,False,False,False,True
1784,False,False,False,False,True
1785,False,False,False,False,True
1786,False,False,False,False,True
1787,False,False,False,False,True
1788,False,False,False,False,True
1789,False,False,False,False,True
1790,False,False,False,False,True
1791,False,False,False,False,True
1792,False,False,False,False,True
1793,False,False,False,False,True
1794,False,False,False,False,True
1795,False,False,False,False,True
1796,False,False,False,False,True
1797,False,False,False,False,True
1798,False,False,False,False,True
1799,False,False,False,False,True
1800,False,False,False,False,True
1801,False,False,False,False,True
1802,False,False,False,False,True
1803,False,False,False,False,True
1804,False,False,False,False,True
1805,False,False,False,False,True
1806,False,False,False,False,True
1807,False,False,False,False,True
1808,False,False,False,False,True
1809,False,False,False,False,True
1810,False,False,False,False,True
1811,False,False,False,False,True
1812,True,True,True,False,True
1813,True,True,True,False,True
1814,True,True,True,False,True
1815,True,True,True,False,True
1816,True,True,True,False,True
1817,True,True,True,False,True
1818,True,True,True,False,True
1819,True,True,True,False,True
1820,True,True,True,False,True
1821,True,True,True,False,True
1822,False,True,False,False,False
1823,True,True,False,False,False
1824,True,True,False,False,False
1825,True,True,False,False,False
1826,True,True,False,False,False
1827,True,True,False,False,False
1828,True,True,False,False,False
1829,True,True,False,False,False
1830,True,True,False,False,False
1831,True,True,False,False,False
1832,True,True,False,False,False
1833,True,True,False,False,False
1834,True,True,False,False,False
1835,True,False,False,False,False
1836,True,False,False,False,False
1837,True,False,False,False,False
1838,True,False,False,False,False
1839,True,False,False,False,False
1840,True,False,False,False,False
1841,True,False,False,False,False
1842,True,False,False,False,False
1843,True,False,False,False,False
1844,True,False,False,False,False
1845,True,False,False,False,False
1846,True,False,False,False,False
1847,True,False,False,False,False
1848,True,False,False,False,False
1849,True,False,False,False,False
1850,True,False,False,False,False
1851,True,False,False,False,False
1852,True,False,False,False,False
1853,True,False,False,False,False
1854,True,False,False,False,False
1855,True,False,False,False,False
1856,True,False,False,False,False
1857,True,False,False,False,False
1858,True,False,False,False,False
1859,True,False,False,False,False
1860,True,False,False,False,False
1861,True,False,False,False,False
1862,True,False,False,False,False
1863,True,False,False,False,False
1864,True,False,False,False,False
1865,True,True,True,True,False
1866,True,True,True,True,False
1867,True,True,True,True,False
1868,True,True,True,True,False
1869,True,True,True,True,False
1870,True,True,True,True,False
1871,True,True,True,True,False
1872,True,True,True,True,False
1873,True,True,True,True,False
1874,True,True,True,True,False
1875,True,True,True,True,False
1876,True,True,True,True,False
1877,True,True,False,False,False
1878,True,True,True,True,False
1879,True,True,True,True,False
1880,True,True,True,True,False
1881,True,True,True,True,False
1882,True,True,True,True,False
1883,True,True,True,True,False
1884,True,True,True,True,False
1885,True,True,True,True,False
1886,True,True,True,True,False
1887,True,True,True,True,False
1888,True,True,True,True,False
1889,True,True,True,True,False
1890,True,True,True,True,False
1891,True,True,True,True,False
1892,True,True,True,True,False
1893,True,True,True,True,False
1894,True,True,True,True,False
1895,False,False,False,True,True
1896,False,False,False,True,True
1897,False,False,False,True,True
1898,False,False,False,True,True
1899,False,False,False,True,True
1900,False,False,False,True,True
1901,False,False,False,True,True
1902,False,False,False,True,True
1903,False,False,False,True,True
1904,True,True,False,False,False
1905,False,False,False,True,True
1906,False,False,False,True,True
1907,False,False,True,False,False
1908,False,False,True,False,False
1909,False,False,True,False,False
1910,False,False,True,False,False
1911,False,False,True,False,False
1912,False,False,True,False,False
1913,False,False,True,False,False
1914,False,False,True,False,False
1915,False,False,True,False,False
1916,False,False,True,False,False
1917,False,False,True,False,False
1918,False,False,True,False,False
1919,False,False,True,False,False
1920,False,False,True,False,False
1921,False,False,True,False,False
1922,False,False,True,False,False
1923,False,False,True,False,False
1924,False,False,True,False,False
1925,False,False,True,False,False
1926,False,False,True,False,False
1927,False,False,True,False,False
1928,False,False,True,False,False
1929,False,False,True,False,False
1930,False,False,True,False,False
1931,False,False,True,False,False
1932,False,False,True,False,False
1933,False,False,True,False,False
1934,True,False,False,True,False
1935,False,False,True,False,False
1936,False,False,True,False,False
1937,True,True,False,False,True
1938,True,True,False,False,True
1939,True,True,False,False,True
1940,True,True,False,False,True
1941,True,True,False,False,True
1942,True,True,False,False,True
1943,True,True,False,False,True
1944,True,True,False,False,True
1945,True,True,False,False,True
1946,True,True,False,False,True
1947,True,True,False,False,True
1948,True,True,False,False,True
1949,True,True,False,False,True
1950,True,True,False,False,True
1951,True,True,True,True,False
1952,True,True,True,True,False
1953,True,True,True,True,False
1954,True,True,True,True,False
1955,True,True,True,True,False
1956,True,True,True,True,False
1957,True,True,True,True,False
1958,True,True,True,True,False
1959,True,True,True,True,False
1960,True,True,True,True,False
1961,True,True,True,True,False
1962,True,True,True,True,False
1963,True,True,True,True,False
1964,True,True,True,True,False
1965,True,True,True,True,False
1966,True,True,True,True,False
1967,True,True,True,True,False
1968,True,True,True,True,False
1969,True,True,True,True,False
1970,True,True,True,True,False
1971,True,True,True,True,False
1972,True,True,True,True,False
1973,True,True,True,True,False
1974,True,True,True,True,False
1975,True,True,True,True,False
1976,True,True,True,True,False
1977,True,True,True,True,False
1978,True,True,True,True,False
1979,True,True,True,True,False
1980,True,True,True,True,False
1981,True,True,True,True,False
1982,True,True,True,True,False
1983,True,True,True,True,False
1984,True,True,True,True,False
1985,True,True,True,True,False
1986,True,True,True,True,False
1987,True,True,True,True,False
1988,True,True,True,True,False
1989,True,True,True,True,False
1990,True,True,True,True,False
1991,True,True,True,True,False
1992,True,True,True,True,False
1993,True,True,True,True,False
1994,True,True,True,True,False
1995,True,True,True,True,False
1996,True,True,True,True,False
1997,True,True,True,True,False
1998,True,True,True,True,False
1999,True,True,True,True,False
2000,True,True,True,True,False
2001,True,True,True,True,False
2002,True,True,True,True,False
2003,True,True,True,True,False
2004,True,True,True,True,False
2005,True,True,True,True,False
2006,True,True,True,True,False
2007,True,True,True,True,False
2008,True,True,True,True,False
2009,True,True,True,True,False
2010,False,False,True,True,False
2011,False,False,True,True,False
2012,False,False,True,True,False
2013,False,False,True,True,False
2014,False,False,True,True,False
2015,False,False,True,True,False
2016,False,False,True,True,False
2017,False,False,True,True,False
2018,False,False,True,True,False
2019,False,False,True,True,False
2020,False,False,True,True,False
2021,False,False,True,True,False
2022,True,False,False,False,True
2023,True,False,False,False,True
2024,True,True,True,False,True
2025,True,False,False,False,True
2026,True,False,False,False,True
2027,True,False,False,False,True
2028,True,False,False,False,True
2029,True,False,False,False,True
2030,True,False,False,False,True
2031,True,False,False,False,True
2032,True,False,False,False,True
2033,True,False,False,False,True
2034,True,False,False,False,True
2035,True,False,False,False,True
2036,True,False,False,False,True
2037,True,False,False,False,True
2038,True,False,False,False,True
2039,True,False,False,False,True
2040,True,False,False,False,True
2041,True,False,False,False,True
2042,True,False,False,False,True
2043,False,False,False,True,False
2044,False,False,False,True,False
2045,False,False,False,True,False
2046,True,False,False,False,True
2047,True,False,False,False,True
2048,True,False,False,False,True
2049,True,False,False,False,True
2050,True,False,False,False,True
2051,True,False,False,False,True
2052,True,False,False,False,True
2053,True,False,False,False,True
2054,True,False,False,False,True
2055,True,False,False,False,True
2056,True,False,False,False,True
2057,True,False,False,False,True
2058,True,False,False,False,True
2059,True,False,False,False,True
2060,True,False,False,False,True
2061,True,True,False,False,True
2062,True,False,False,False,True
2063,True,False,False,False,True
2064,True,False,False,False,True
2065,True,False,False,False,True
2066,True,False,False,False,True
2067,True,False,False,False,True
2068,True,False,False,False,True
2069,True,False,False,False,True
2070,True,False,False,False,True
2071,True,False,False,False,True
2072,True,False,False,False,True
2073,True,False,False,False,True
2074,True,False,False,False,True
2075,True,False,False,False,True
2076,True,True,False,False,False
2077,True,True,False,False,False
2078,True,True,False,False,False
2079,True,True,False,False,False
2080,True,True,False,False,False
2081,True,True,False,False,False
2082,True,True,False,False,False
2083,True,True,False,False,False
2084,True,True,False,False,False
2085,True,True,False,False,False
2086,True,True,False,False,False
2087,True,True,False,False,False
2088,True,True,False,False,False
2089,True,True,False,False,False
2090,True,True,False,False,False
2091,True,True,False,False,False
2092,True,True,False,False,False
2093,True,True,False,False,False
2094,True,True,False,False,False
2095,True,True,False,False,False
2096,True,True,False,False,False
2097,True,True,False,False,False
2098,True,True,False,False,False
2099,True,True,False,False,False
2100,True,True,False,False,False
2101,True,True,False,False,False
2102,True,True,False,False,False
2103,True,True,False,False,False
2104,True,True,False,False,False
2105,True,True,False,False,False
2106,True,True,False,False,False
2107,True,True,False,False,False
2108,True,True,False,False,False
2109,True,True,False,False,False
2110,True,True,False,False,False
2111,True,True,False,False,False
2112,True,True,False,False,False
2113,True,True,False,False,False
2114,True,True,False,False,False
2115,True,True,False,False,False
2116,True,True,False,False,False
2117,True,True,False,False,False
2118,True,True,False,False,False
2119,True,True,False,False,False
2120,True,True,False,False,False
2121,True,True,False,False,False
2122,True,True,False,False,False
2123,True,True,False,False,False
2124,True,True,False,False,False
2125,True,True,False,False,False
2126,True,True,False,False,False
2127,True,True,False,False,False
2128,True,True,False,False,False
2129,True,True,False,False,False
2130,True,True,False,False,False
2131,True,True,False,False,False
2132,True,True,False,False,False
2133,True,True,False,False,False
2134,True,True,False,False,False
2135,True,True,False,False,False
2136,True,True,False,False,False
2137,True,True,False,False,False
2138,True,True,False,False,False
2139,True,True,False,False,False
2140,True,True,False,False,False
2141,True,True,False,False,False
2142,True,True,False,False,False
2143,True,True,False,False,False
2144,True,True,False,False,False
2145,True,True,False,False,False
2146,True,True,False,False,False
2147,True,True,False,False,False
2148,True,True,False,False,False
2149,True,True,False,False,False
2150,True,True,False,False,False
2151,True,True,False,False,False
2152,True,True,False,False,False
2153,True,True,False,False,False
2154,True,True,False,False,False
2155,True,True,False,False,False
2156,True,True,False,False,False
2157,True,True,False,False,False
2158,True,True,False,False,False
2159,True,True,False,False,False
2160,True,True,False,False,False
2161,True,True,False,False,False
2162,True,True,False,False,False
2163,True,True,False,False,False
2164,True,True,False,False,False
2165,True,True,False,False,False
2166,True,True,False,False,False
2167,True,True,False,False,False
2168,True,True,False,False,False
2169,True,True,False,False,False
2170,True,True,False,False,False
2171,True,True,False,False,False
2172,True,True,False,False,False
2173,True,True,False,False,False
2174,True,True,False,False,False
2175,True,True,False,False,False
2176,True,True,False,False,False
2177,True,True,False,False,False
2178,True,True,False,False,False
2179,True,True,False,False,False
2180,True,True,False,False,False
2181,True,True,False,False,False
2182,True,True,False,False,False
2183,True,True,False,False,False
2184,True,True,False,False,False
2185,True,True,False,False,False
2186,True,True,False,False,False
2187,True,True,False,False,False
2188,True,True,False,False,False
2189,True,True,False,False,False
2190,True,True,False,False,False
2191,True,True,False,False,False
2192,True,True,False,False,False
2193,True,True,False,False,False
2194,True,True,False,False,False
2195,True,True,False,False,False
2196,True,True,False,False,False
2197,True,True,False,False,False
2198,True,True,False,False,False
2199,True,True,False,False,False
2200,True,True,False,False,False
2201,True,True,False,False,False
2202,True,True,False,False,False
2203,True,True,False,False,False
2204,True,True,False,False,False
2205,True,True,False,False,False
2206,True,True,False,False,False
2207,True,True,False,False,False
2208,True,True,False,False,False
2209,True,True,False,False,False
2210,True,True,False,False,False
2211,True,True,False,False,False
2212,True,True,False,False,False
2213,True,True,False,False,False
2214,True,True,False,False,False
2215,True,True,False,False,False
2216,True,True,False,False,False
2217,True,True,False,False,False
2218,True,True,False,False,False
2219,True,True,False,False,False
2220,True,False,False,False,True
2221,True,True,False,False,False
2222,True,True,False,False,False
2223,True,True,False,False,False
2224,True,True,False,False,False
2225,True,True,False,False,False
2226,True,True,False,False,False
2227,True,True,False,True,False
2228,True,True,False,True,False
2229,True,True,False,True,False
2230,True,True,False,True,False
2231,True,True,False,True,False
2232,True,True,False,True,False
2233,True,True,False,True,False
2234,True,True,False,True,False
2235,True,True,False,True,False
2236,True,True,False,True,False
2237,True,True,False,True,False
2238,True,False,False,True,True
2239,True,False,False,True,True
2240,True,False,False,True,True
2241,True,False,False,True,True
2242,True,True,True,True,False
2243,True,True,True,True,False
2244,True,True,True,True,False
2245,True,True,True,True,False
2246,True,True,True,True,False
2247,True,True,True,True,False
2248,True,True,True,True,False
2249,True,True,True,True,False
2250,True,True,True,True,False
2251,True,True,True,True,False
2252,True,True,True,True,False
2253,True,True,True,True,False
2254,True,True,True,True,False
2255,True,True,True,True,False
2256,True,True,True,True,False
2257,True,True,True,True,False
2258,True,True,True,True,False
2259,True,True,True,True,False
2260,True,True,True,True,False
2261,True,True,True,True,False
2262,True,True,True,True,False
2263,True,True,True,True,False
2264,True,True,True,True,False
2265,True,True,True,True,False
2266,True,True,True,True,False
2267,True,False,True,False,False
2268,True,False,False,False,False
2269,True,False,True,False,False
2270,True,True,False,False,False
2271,True,False,True,False,False
2272,True,False,False,True,True
2273,True,False,False,True,True
2274,True,False,False,True,True
2275,True,False,False,True,False
2276,True,False,False,True,True
2277,True,False,False,True,True
2278,True,False,False,True,True
2279,True,False,False,True,True
2280,True,False,False,True,True
2281,True,True,False,True,False
2282,True,True,False,True,False
2283,True,True,False,True,False
2284,True,True,False,True,False
2285,True,True,False,True,False
2286,True,True,False,True,False
2287,True,True,False,True,False
2288,True,True,False,True,False
2289,True,True,False,True,False
2290,True,True,False,True,False
2291,True,True,False,True,False
2292,True,True,False,True,False
2293,True,True,False,True,False
2294,True,True,False,True,False
2295,True,True,False,True,False
2296,True,True,False,True,False
2297,True,True,False,False,False
2298,True,True,True,False,False
2299,True,True,False,True,False
2300,True,True,False,True,False
2301,True,True,False,True,False
2302,True,True,False,True,False
2303,True,True,False,True,False
2304,True,True,False,True,False
2305,True,True,False,True,False
2306,True,True,False,True,False
2307,True,True,False,True,False
2308,True,False,False,True,False
2309,True,False,False,True,False
2310,True,False,False,True,False
2311,True,False,False,True,False
2312,True,False,False,True,False
2313,True,False,False,True,False
2314,True,False,False,True,False
2315,True,False,False,True,False
2316,True,False,False,True,False
2317,True,False,False,True,False
2318,True,False,False,True,False
2319,True,False,False,True,False
2320,True,False,False,True,False
2321,True,False,False,True,False
2322,True,False,False,False,False
2323,True,False,False,True,False
2324,True,False,False,True,False
2325,True,False,False,True,False
2326,True,False,False,True,False
2327,True,False,False,True,False
2328,True,False,False,True,False
2329,True,False,False,True,False
2330,True,False,False,True,False
2331,True,False,False,True,False
2332,True,False,False,True,False
2333,True,False,False,True,False
2334,True,False,False,True,False
2335,True,False,False,True,False
2336,True,False,False,True,False
2337,True,False,False,True,False
2338,True,False,False,True,False
2339,True,False,False,True,False
2340,True,False,False,True,False
2341,True,False,False,True,False
2342,True,False,False,True,False
2343,True,False,False,True,False
2344,True,False,False,True,False
2345,True,False,False,True,False
2346,True,False,False,True,False
2347,True,False,False,True,False
2348,True,False,False,True,False
2349,True,False,False,True,False
2350,True,False,False,True,False
2351,True,False,False,True,False
2352,True,False,False,True,False
2353,True,False,False,True,False
2354,True,False,False,True,False
2355,True,False,False,True,False
2356,True,False,False,True,False
2357,True,False,False,True,False
2358,True,False,False,True,False
2359,True,False,False,True,False
2360,False,True,True,False,True
2361,False,True,True,False,True
2362,False,True,True,False,True
2363,False,True,True,False,True
2364,False,True,True,False,True
2365,True,False,True,True,False
2366,True,False,True,True,False
2367,True,False,True,True,False
2368,True,False,True,True,False
2369,True,False,True,True,False
2370,True,False,True,True,False
2371,True,False,True,True,False
2372,False,False,False,False,True
2373,False,False,False,False,True
2374,False,False,False,False,True
2375,False,False,False,False,True
2376,False,False,False,False,True
2377,False,False,False,False,True
2378,False,False,False,False,True
2379,False,False,False,False,True
2380,False,False,False,False,True
2381,False,False,False,False,True
2382,False,False,False,False,True
2383,False,False,False,False,True
2384,False,False,False,False,True
2385,False,False,False,False,True
2386,False,False,False,False,True
2387,False,False,False,False,True
2388,False,False,False,False,True
2389,False,False,False,False,True
2390,False,False,False,False,True
2391,False,False,False,False,True
2392,False,False,False,False,True
2393,False,False,False,False,True
2394,False,False,False,False,True
2395,False,False,False,False,True
2396,False,False,False,False,True
2397,False,False,False,False,True
2398,False,False,False,False,True
2399,False,False,False,False,True
2400,False,False,False,False,True
2401,False,False,False,False,True
2402,False,False,False,False,True
2403,False,False,False,False,True
2404,False,False,False,False,True
2405,False,False,False,False,True
2406,False,False,False,False,True
2407,False,False,False,False,True
2408,False,False,False,False,True
2409,False,False,False,False,True
2410,True,True,False,True,False
2411,True,True,False,True,False
2412,True,True,False,True,False
2413,True,True,False,True,False
2414,True,True,False,True,False
2415,True,True,False,True,False
2416,True,True,False,True,False
2417,True,True,False,True,False
2418,False,False,True,True,False
2419,False,False,True,True,False
2420,False,False,True,True,False
2421,False,False,True,True,False
2422,False,False,True,True,False
2423,False,False,True,True,False
2424,False,False,True,True,False
2425,False,False,True,True,False
2426,False,False,True,True,False
2427,False,False,True,True,False
2428,False,False,True,True,False
2429,False,False,True,True,False
2430,False,False,True,True,False
2431,False,False,True,True,False
2432,True,True,False,True,False
2433,True,True,False,True,False
2434,True,True,True,False,False
2435,True,True,True,False,False
2436,True,True,True,False,False
2437,True,True,True,False,False
2438,True,True,True,False,False
2439,True,True,True,False,False
2440,True,True,True,False,False
2441,True,True,True,False,False
2442,True,True,True,False,False
2443,True,True,True,False,False
2444,True,True,True,False,False
2445,True,True,True,False,False
2446,True,True,True,False,False
2447,True,True,True,False,False
2448,True,True,True,False,False
2449,True,True,False,False,False
2450,False,False,False,False,True
2451,False,False,False,False,True
2452,False,False,False,False,True
2453,False,False,False,False,True
2454,False,False,False,False,True
2455,False,False,False,False,True
2456,False,False,False,False,True
2457,False,False,False,False,True
2458,False,False,False,False,True
2459,False,False,False,False,True
2460,False,False,False,False,True
2461,False,False,False,False,True
2462,False,True,False,False,True
2463,False,True,False,False,True
2464,True,True,False,False,True
2465,True,True,False,False,True
2466,True,True,False,False,True
2467,True,True,False,False,True
2468,True,True,False,False,True
2469,True,True,False,False,True
2470,True,True,False,False,True
2471,True,True,False,False,True
2472,True,True,False,False,True
2473,True,True,False,False,True
2474,True,True,False,False,True
2475,True,True,False,False,True
2476,True,True,False,False,True
2477,True,True,False,False,True
2478,True,True,False,False,True
2479,True,True,False,False,True
2480,True,True,False,False,True
2481,True,True,False,False,True
2482,True,True,False,False,True
2483,True,True,False,False,True
2484,True,True,False,False,True
2485,True,True,False,False,True
2486,True,True,False,False,True
2487,True,True,False,False,True
2488,True,True,False,False,True
2489,True,True,False,False,True
2490,True,True,False,False,True
2491,True,True,False,False,True
2492,True,True,False,False,True
2493,True,True,False,False,True
2494,True,True,False,False,True
2495,True,True,False,False,True
2496,True,True,False,False,True
2497,True,True,False,False,True
2498,True,True,False,False,True
2499,False,True,False,False,True
2500,False,True,False,False,True
2501,False,True,False,False,True
2502,True,False,True,True,False
2503,True,False,True,True,False
2504,True,False,True,True,False
2505,True,False,True,True,False
2506,True,False,True,True,False
2507,True,False,True,True,False
2508,True,False,True,True,False
2509,True,False,True,True,False
2510,True,True,False,True,False
2511,True,False,True,True,False
2512,True,False,True,True,False
2513,True,False,True,True,False
2514,True,False,True,True,False
2515,False,False,False,True,True
2516,False,False,False,True,True
2517,False,False,False,True,True
2518,False,False,False,True,True
2519,False,False,False,True,True
2520,False,False,False,True,True
2521,False,False,False,True,True
2522,True,True,True,True,False
2523,True,True,True,True,False
2524,True,True,True,True,False
2525,True,True,True,True,False
2526,True,True,False,False,False
2527,True,True,True,True,False
2528,True,True,True,True,False
2529,True,True,True,True,False
2530,True,True,True,True,False
2531,True,True,True,True,False
2532,True,True,True,True,False
2533,True,True,True,True,False
2534,True,True,True,True,False
2535,True,True,True,True,False
2536,True,True,True,True,False
2537,True,True,True,True,False
2538,True,True,True,True,False
2539,True,True,True,True,False
2540,True,True,True,True,False
2541,True,True,True,True,False
2542,True,True,True,True,False
2543,True,True,True,True,False
2544,True,True,True,True,False
2545,True,True,True,True,False
2546,True,True,True,True,False
2547,True,True,False,False,False
2548,True,True,True,True,False
2549,True,True,True,False,True
2550,True,True,True,False,True
2551,True,True,True,False,True
2552,True,True,True,False,True
2553,True,True,True,False,True
2554,True,True,True,False,True
2555,True,True,True,False,True
2556,True,True,True,False,True
2557,True,True,True,False,True
2558,True,True,True,False,True
2559,True,True,True,False,True
2560,True,True,False,False,False
2561,True,True,True,False,True
2562,True,True,True,False,True
2563,True,True,True,False,True
2564,True,True,True,False,True
2565,True,True,True,False,True
2566,True,True,True,False,True
2567,True,True,True,False,True
2568,True,True,True,False,True
2569,True,True,True,False,True
2570,True,True,True,False,True
2571,True,True,True,False,True
2572,True,True,True,False,True
2573,True,True,True,False,True
2574,True,True,True,False,True
2575,True,True,False,True,False
2576,True,True,True,False,True
2577,True,True,True,False,True
2578,True,True,True,False,True
2579,True,True,True,False,True
2580,True,True,True,False,True
2581,True,True,True,False,True
2582,True,True,False,False,False
2583,True,True,True,False,True
2584,True,True,True,False,True
2585,True,True,True,False,True
2586,True,True,True,False,True
2587,True,True,True,False,True
2588,True,True,True,False,True
2589,True,True,True,False,True
2590,True,True,True,False,True
2591,True,True,True,False,True
2592,True,True,True,False,True
2593,True,True,True,False,True
2594,True,True,True,False,True
2595,True,True,True,False,True
2596,True,True,True,False,True
2597,True,True,True,False,True
2598,True,True,True,False,True
2599,True,True,True,False,False
2600,True,True,True,False,True
2601,True,True,True,False,True
2602,True,True,True,False,True
2603,True,True,True,False,True
2604,True,True,True,False,True
2605,True,True,True,False,True
2606,True,True,True,False,True
2607,True,True,True,False,True
2608,True,True,True,False,True
2609,True,True,True,False,True
2610,True,True,True,False,True
2611,True,True,True,False,True
2612,True,True,True,False,True
2613,True,True,True,False,True
2614,True,True,True,False,True
2615,True,True,False,False,False
2616,True,True,True,False,True
2617,True,True,True,False,True
2618,True,True,True,False,True
2619,True,True,True,False,True
2620,True,True,True,False,True
2621,True,True,True,False,True
2622,False,True,True,False,False
2623,False,True,True,False,False
2624,False,True,True,False,False
2625,False,True,True,False,False
2626,True,True,True,True,False
2627,True,True,True,True,False
2628,True,True,True,True,False
2629,True,True,True,True,False
2630,True,True,True,True,False
2631,False,False,False,False,True
2632,False,False,False,False,True
2633,False,False,False,False,True
2634,False,False,False,False,True
2635,False,False,False,False,True
2636,False,False,False,False,True
2637,False,False,False,False,True
2638,False,False,False,False,True
2639,False,False,False,False,True
2640,False,False,False,False,True
2641,False,True,False,True,False
2642,False,True,False,False,False
2643,False,True,False,False,False
2644,False,True,False,False,False
2645,False,True,False,False,False
2646,False,True,False,False,False
2647,False,True,False,False,False
2648,False,True,False,False,False
2649,False,True,False,False,False
2650,False,True,False,False,False
2651,False,True,False,False,False
2652,False,True,False,False,False
2653,False,True,False,False,False
2654,True,True,True,True,False
2655,True,True,True,True,False
2656,True,True,True,True,False
2657,True,True,True,True,False
2658,True,True,True,True,False
2659,True,True,False,False,True
2660,True,True,False,False,True
2661,True,True,False,False,True
2662,True,True,False,False,True
2663,True,True,False,False,True
2664,True,True,False,False,True
2665,True,True,False,False,True
2666,True,True,False,False,True
2667,True,True,False,False,True
2668,True,True,True,False,False
2669,True,True,True,False,False
2670,True,True,True,False,False
2671,True,True,True,False,False
2672,True,True,True,False,False
2673,True,True,True,False,False
2674,True,True,True,False,False
2675,True,False,False,False,True
2676,True,False,False,False,True
2677,True,False,False,False,True
2678,True,False,False,False,True
2679,True,False,False,False,True
2680,False,False,False,False,True
2681,False,True,False,False,False
2682,False,True,False,False,False
2683,False,False,False,False,True
2684,False,False,False,False,True
2685,False,False,False,False,True
2686,False,False,False,False,True
2687,False,False,False,False,True
2688,False,False,False,False,True
2689,False,False,True,True,False
2690,False,False,True,True,False
2691,False,False,True,True,False
2692,False,False,True,True,False
2693,True,False,False,True,False
2694,True,False,False,True,False
2695,True,False,False,True,False
2696,True,False,False,True,False
2697,True,False,False,True,False
2698,True,False,False,True,False
2699,True,False,False,True,False
2700,True,False,False,True,False
2701,True,False,False,True,False
2702,True,False,False,True,False
2703,True,False,False,True,False
2704,True,False,False,True,False
2705,True,False,False,True,False
2706,True,False,False,True,False
2707,True,False,False,True,False
2708,True,False,False,True,False
2709,True,False,False,True,False
2710,True,False,False,True,False
2711,True,False,False,True,False
2712,True,False,False,True,False
2713,True,False,False,True,False
2714,True,False,False,False,True
2715,True,False,False,True,False
2716,True,False,False,True,False
2717,True,False,False,True,False
2718,True,False,False,True,False
2719,True,False,False,True,False
2720,True,False,False,True,False
2721,True,False,False,True,False
2722,True,False,False,True,False
2723,True,True,False,True,False
2724,True,True,False,True,False
2725,True,True,False,True,False
2726,True,True,False,True,False
2727,True,True,False,True,False
2728,True,True,False,True,False
2729,True,True,False,True,False
2730,False,True,True,True,False
2731,False,True,True,True,False
2732,False,True,True,True,False
2733,False,True,True,True,False
2734,False,True,True,True,False
2735,False,True,True,True,False
2736,False,True,True,True,False
2737,False,True,True,True,False
2738,False,True,False,False,True
2739,True,False,False,False,True
2740,True,False,False,False,True
2741,True,False,False,False,True
2742,True,False,False,False,True
2743,True,False,False,False,True
2744,True,False,False,False,True
2745,True,False,False,False,True
2746,True,False,False,False,True
2747,True,False,False,False,True
2748,True,False,False,False,True
2749,True,False,False,False,True
2750,True,False,False,False,True
2751,True,False,False,True,True
2752,True,False,False,True,True
2753,True,False,False,True,True
2754,True,False,False,True,True
2755,True,False,False,True,True
2756,False,False,False,False,True
2757,True,False,False,True,True
2758,True,False,False,True,True
2759,True,False,False,True,True
2760,True,False,False,True,True
2761,True,False,False,True,True
2762,True,False,False,True,True
2763,True,False,False,True,True
2764,True,False,False,True,True
2765,True,False,False,True,True
2766,True,False,False,True,False
2767,True,False,False,True,True
2768,True,False,False,True,True
2769,True,False,False,True,True
2770,True,False,False,True,True
2771,True,False,False,True,True
2772,True,False,False,True,True
2773,True,False,False,True,True
2774,True,False,False,True,True
2775,True,False,False,True,True
2776,True,False,False,True,False
2777,True,False,False,True,False
2778,True,False,False,True,False
2779,True,False,False,True,False
2780,True,False,False,True,False
2781,True,False,False,True,False
2782,True,False,False,True,False
2783,True,False,False,True,False
2784,True,False,False,True,False
2785,True,False,False,True,False
2786,True,False,False,True,False
2787,True,False,False,True,False
2788,True,False,False,True,False
2789,True,False,False,True,False
2790,True,False,False,True,False
2791,True,False,False,True,False
2792,True,False,False,True,False
2793,True,False,False,True,False
2794,True,False,False,True,False
2795,True,False,False,True,False
2796,True,False,False,True,False
2797,True,False,False,True,False
2798,True,False,False,True,False
2799,True,False,False,True,False
2800,True,False,False,True,False
2801,False,True,False,True,False
2802,False,True,False,True,False
2803,False,True,False,True,False
2804,False,True,False,True,False
2805,True,False,False,False,True
2806,False,True,False,True,False
2807,True,True,False,False,False
2808,False,True,False,True,False
2809,True,False,False,True,False
2810,True,False,False,True,False
2811,True,False,False,True,False
2812,True,False,True,True,True
2813,True,False,True,True,True
2814,True,False,True,True,True
2815,True,False,True,True,True
2816,True,False,True,True,True
2817,True,False,True,True,True
2818,True,False,True,True,True
2819,True,False,True,True,True
2820,True,False,True,True,True
2821,True,False,True,True,True
2822,True,False,False,True,True
2823,True,False,False,True,True
2824,False,False,True,False,True
2825,False,False,True,False,True
2826,True,True,False,False,True
2827,True,True,False,False,True
2828,True,True,False,False,True
2829,True,True,False,False,True
2830,True,True,False,False,True
2831,True,True,False,False,True
2832,True,True,False,False,True
2833,True,True,False,False,True
2834,True,True,False,False,True
2835,True,False,False,True,False
2836,True,False,False,True,False
2837,True,False,False,True,False
2838,True,False,False,True,False
2839,True,False,False,True,False
2840,True,False,False,True,False
2841,True,False,False,True,False
2842,True,False,False,True,False
2843,True,False,False,True,False
2844,True,False,False,True,False
2845,True,False,False,True,False
2846,True,False,False,True,False
2847,True,False,False,True,False
2848,True,False,False,True,False
2849,True,False,False,True,False
2850,True,False,False,True,False
2851,True,False,False,True,False
2852,True,False,False,True,False
2853,True,False,False,True,False
2854,True,False,False,True,False
2855,True,False,False,True,False
2856,True,False,False,True,True
2857,True,False,False,True,True
2858,True,False,False,True,True
2859,False,True,True,True,False
2860,False,True,True,True,False
2861,True,True,False,False,False
2862,False,True,True,True,False
2863,False,True,True,True,False
2864,False,True,True,True,False
2865,True,False,False,False,True
2866,True,False,False,False,True
2867,True,False,False,True,True
2868,True,False,False,True,False
2869,True,False,False,True,True
2870,True,False,False,True,True
2871,False,False,False,False,True
2872,False,False,False,False,True
2873,False,False,False,False,True
2874,True,True,True,False,False
2875,True,True,True,False,False
2876,True,False,False,False,True
2877,True,False,False,False,True
2878,True,False,False,False,True
2879,True,False,False,False,True
2880,True,True,False,False,True
2881,True,True,False,False,True
2882,True,True,False,False,True
2883,True,True,False,False,True
2884,True,True,False,False,True
2885,True,True,False,False,True
2886,True,True,False,False,True
2887,True,True,False,False,True
2888,True,True,False,False,True
2889,True,True,False,False,True
2890,True,True,False,False,True
2891,True,True,False,False,True
2892,True,True,False,False,True
2893,True,True,False,False,True
2894,True,True,False,False,True
2895,True,True,True,True,True
2896,True,True,True,True,True
2897,True,True,True,True,True
2898,True,True,True,True,True
2899,True,True,False,False,False
2900,True,True,False,False,False
2901,True,True,False,False,False
2902,True,False,False,False,True
2903,False,True,True,True,False
2904,True,False,False,True,False
2905,True,False,False,True,False
2906,True,True,True,True,True
2907,True,True,True,True,True
2908,True,False,False,False,True
2909,True,True,True,False,True
